dataset,method,comparison,truth_table,n_genes,n_truth_genes,AUROC,AUPRC,TPR,FPR,benchmark_score
SCMixology_5cl_CELseq2_merged,DESeq2,A549_vs_H1975,H1975_DEtable,16030,57,0.6710194066522344,0.017047976644044012,0.2982456140350877,0.04914543291804921,0.39555816366891006
SCMixology_5cl_CELseq2_merged,MAST,A549_vs_H1975,H1975_DEtable,16074,57,0.6155137797668924,0.02664831792735063,0.3508771929824561,0.04894799275769495,0.39003737351370676
SCMixology_5cl_CELseq2_merged,edgeR,A549_vs_H1975,H1975_DEtable,12070,32,0.8180163856122279,0.0270580889414011,0.53125,0.048762252865924574,0.49714984080717767
SCMixology_5cl_CELseq2_merged,limma_voom,A549_vs_H1975,H1975_DEtable,12070,32,0.703457281109819,0.019257268458359393,0.1875,0.04967602591792657,0.3854824897570698
