dataset,method,comparison,truth_table,n_genes,n_truth_genes,AUROC,AUPRC,TPR,FPR,benchmark_score
SCMixology_5cl_CELseq2_merged,DESeq2,A549_vs_H1975,H1975_DEtable,16030,57,0.6603973152062526,0.018196410108428974,0.2807017543859649,0.04920803856507857,0.3887273508808236
SCMixology_5cl_CELseq2_merged,MAST,A549_vs_H1975,H1975_DEtable,16074,57,0.6238777001190621,0.0263025855986479,0.3508771929824561,0.04894799275769495,0.39284373932192024
SCMixology_5cl_CELseq2_merged,edgeR,A549_vs_H1975,H1975_DEtable,12070,32,0.8081491942183088,0.0336024782955988,0.5,0.0488453231433793,0.4897285530655297
SCMixology_5cl_CELseq2_merged,limma_voom,A549_vs_H1975,H1975_DEtable,12070,32,0.736924219139392,0.029146773273787608,0.46875,0.04892839342083403,0.4569820080025294
